release_type,site,not moving,moving,basking,eating
SR,1,0.58496732,0.357492997,0.049603175,0.007936508
HR,1,0.613756614,0.326984127,0.059259259,0
