release_type,site,up,down,horizontal
SR,1,0.474969475,0.460393773,0.064636752
HR,1,0.401563252,0.335289402,0.263147346
